frame,time_sec,target_finger,has_hand,tip_x,tip_y,mcp_x,mcp_y,wrist_x,wrist_y,ry,is_hit
0,0.018,PINKY,0,,,,,,,,0
1,0.048,PINKY,0,,,,,,,,0
2,0.077,PINKY,0,,,,,,,,0
3,0.111,PINKY,0,,,,,,,,0
4,0.146,PINKY,0,,,,,,,,0
5,0.182,PINKY,0,,,,,,,,0
6,0.213,PINKY,0,,,,,,,,0
7,0.243,PINKY,0,,,,,,,,0
8,0.278,PINKY,0,,,,,,,,0
9,0.312,PINKY,0,,,,,,,,0
10,0.349,PINKY,0,,,,,,,,0
11,0.38,PINKY,0,,,,,,,,0
12,0.41,PINKY,0,,,,,,,,0
13,0.445,PINKY,0,,,,,,,,0
14,0.479,PINKY,0,,,,,,,,0
15,0.515,PINKY,0,,,,,,,,0
16,0.547,PINKY,0,,,,,,,,0
17,0.577,PINKY,0,,,,,,,,0
18,0.611,PINKY,0,,,,,,,,0
19,0.647,PINKY,0,,,,,,,,0
20,0.682,PINKY,0,,,,,,,,0
21,0.713,PINKY,0,,,,,,,,0
22,0.744,PINKY,0,,,,,,,,0
23,0.777,PINKY,0,,,,,,,,0
24,0.812,PINKY,0,,,,,,,,0
25,0.849,PINKY,0,,,,,,,,0
26,0.88,PINKY,0,,,,,,,,0
27,0.91,PINKY,0,,,,,,,,0
28,0.956,PINKY,1,1438.8,124.9,1296.6,206.4,1080.8,297.2,-0.4757,0
29,0.98,PINKY,1,1425.3,138.9,1266.7,214.4,1038.9,328.7,-0.4468,0
30,1.016,PINKY,1,1360.8,158.7,1191.0,230.9,1000.7,333.7,-0.4387,0
31,1.048,PINKY,1,1316.8,168.9,1123.5,241.2,951.0,326,-0.435,0
32,1.075,PINKY,1,1213.7,197,1058.3,257.7,913.2,339.2,-0.4083,0
33,1.109,PINKY,1,1104.8,240.1,997.9,279.5,876.3,354.1,-0.3085,0
34,1.143,PINKY,1,1028.1,268.2,959.5,279.6,861.1,370,-0.0832,0
35,1.177,PINKY,1,976.9,293.1,929.3,299.4,866.4,392.6,-0.0511,0
36,1.213,PINKY,1,943.8,319.5,904.9,324.4,853.6,402.5,-0.0381,0
37,1.25,PINKY,1,906.1,342.3,884.5,339.9,849.7,404.2,0.0207,0
38,1.281,PINKY,1,884.5,367.9,870.9,350.2,851.3,420.3,0.1394,0
39,1.308,PINKY,1,862.3,387.3,863.3,360.2,860.8,407,0.1692,0
40,1.342,PINKY,1,845.7,405.9,861.2,369.7,872.3,406.6,0.2196,0
41,1.377,PINKY,1,829.6,429.8,850.1,370,858.8,403.1,0.4068,0
42,1.411,PINKY,1,818.1,460.5,842.8,372.3,861.7,398.7,0.6284,0
43,1.446,PINKY,1,811.1,474.3,838.2,378.5,850.9,391.8,0.6449,0
44,1.483,PINKY,1,812.4,477.1,835.9,381.4,850.3,396.5,0.6552,0
45,1.516,PINKY,1,811.8,478.9,834.2,381.3,848.3,391.4,0.7347,0
46,1.542,PINKY,1,811.1,478.7,830.9,381.3,842.2,388.5,0.6944,0
47,1.576,PINKY,1,809.9,478,826.0,384.2,834.3,389.6,0.6177,0
48,1.61,PINKY,1,810.5,477.9,821.8,386.7,827.3,389,0.5923,0
49,1.644,PINKY,1,809.6,478.3,818.6,386.7,824.9,389,0.6535,0
50,1.681,PINKY,1,803.3,477.5,816.3,387.1,824.7,391.9,0.6285,0
51,1.717,PINKY,1,797.3,476.3,813.5,389.3,820.7,393,0.5803,0
52,1.748,PINKY,1,792.2,475.6,810.1,391.6,821.7,396.7,0.5688,0
53,1.775,PINKY,1,784.9,476.4,808.5,392,821.6,394.3,0.5877,0
54,1.809,PINKY,1,773.0,476.8,804.4,393.3,819.3,396.4,0.547,0
55,1.844,PINKY,1,762.4,478.6,798.7,392.2,816.0,400.1,0.6209,0
56,1.878,PINKY,1,750.9,479.1,792.6,390.7,814.0,395.9,0.6656,0
57,1.913,PINKY,1,740.1,480.3,784.1,392.2,810.3,400.7,0.5719,0
58,1.951,PINKY,1,733.3,479.8,775.3,393.8,802.3,400.6,0.5385,0
59,1.981,PINKY,1,725.1,479.6,768.5,394.3,797.8,400.4,0.5346,0
60,2.009,PINKY,1,716.2,480.1,763.4,393.4,795.9,401.3,0.5558,0
61,2.045,PINKY,1,704.0,479.7,758.8,391.3,794.1,401.3,0.6065,0
62,2.078,PINKY,1,692.2,479.5,754.7,388.7,793.9,400.8,0.6372,0
63,2.112,PINKY,1,680.1,479.5,747.6,385.5,785.3,397.7,0.6592,0
64,2.148,PINKY,1,667.4,479.1,738.6,381.9,780.2,394.5,0.7281,0
65,2.185,PINKY,1,656.4,479.5,725.1,382.4,766.3,390.1,0.6461,0
66,2.215,PINKY,1,648.2,479.8,717.6,380,762.3,389,0.7445,0
67,2.242,PINKY,1,638.8,479.7,709.4,380,757.7,384.7,0.6468,0
68,2.277,PINKY,1,627.7,479.4,699.6,379.3,747.6,381.6,0.6818,0
69,2.311,PINKY,1,618.6,479.4,692.4,379.5,744.0,381.2,0.6342,0
70,2.345,PINKY,1,607.5,479.4,687.0,380.7,739.9,379.7,0.6051,0
71,2.381,PINKY,1,599.8,478.9,683.4,381.6,737.3,378.6,0.5978,0
72,2.417,PINKY,1,593.8,478.6,679.3,381.8,734.3,378,0.6017,0
73,2.449,PINKY,1,588.8,479,676.0,383.3,730.2,376.1,0.5785,0
74,2.476,PINKY,1,586.0,479,673.8,381.9,729.6,374.2,0.6096,0
75,2.51,PINKY,1,582.6,479.8,671.2,381.6,731.2,373.8,0.5895,0
76,2.545,PINKY,1,579.1,480.7,669.7,381.2,729.6,370.8,0.5814,0
77,2.579,PINKY,1,576.0,481.5,669.4,381.6,730.6,370,0.5686,0
78,2.614,PINKY,1,574.6,482.5,670.2,380.4,732.8,370.1,0.5813,0
79,2.652,PINKY,1,573.5,484.3,668.5,380.3,729.8,365.2,0.5748,0
80,2.682,PINKY,1,572.9,486.3,668.9,379.2,733.0,363.9,0.59,0
81,2.709,PINKY,1,572.4,488.5,669.4,378.5,736.0,362.8,0.6101,0
82,2.743,PINKY,1,572.5,491.6,669.9,377.3,738.7,361.1,0.6303,0
83,2.778,PINKY,1,573.3,494.1,672.8,373.8,747.1,362.6,0.6718,0
84,2.812,PINKY,1,574.3,497.8,675.9,372.9,753.6,364.7,0.684,0
85,2.847,PINKY,1,578.2,500.8,680.7,372.8,755.0,364.4,0.6737,0
86,2.884,PINKY,1,584.8,501.6,692.0,369.1,768.1,369.6,0.7293,0
87,2.915,PINKY,1,592.0,502.1,701.1,369.3,778.3,369.4,0.6824,0
88,2.943,PINKY,1,595.1,504.2,711.2,368.9,782.3,372.5,0.7111,0
89,2.976,PINKY,1,614.0,502.1,726.2,369.7,793.9,373.4,0.6585,0
90,3.011,PINKY,1,637.3,501.2,742.5,369.9,802.3,371.5,0.6375,0
91,3.045,PINKY,1,654.7,502.8,757.4,370.2,814.6,373.9,0.6645,0
92,3.08,PINKY,1,678.4,505.8,777.3,368.3,833.2,380,0.7368,0
93,3.117,PINKY,1,700.3,509.6,794.2,364.2,846.3,384.9,0.8284,0
94,3.149,PINKY,1,723.5,511.7,807.5,358.3,865.6,382.7,0.8671,0
95,3.176,PINKY,1,742.3,513.4,822.9,353.4,874.0,386.2,1.0146,0
96,3.21,PINKY,1,765.5,515,839.3,350,892.0,384.7,1.0264,0
97,3.245,PINKY,1,783.5,516.8,851.2,349.7,889.1,386.6,1.0233,0
98,3.279,PINKY,1,796.2,516.7,863.5,355.9,898.5,380.6,0.788,0
99,3.315,PINKY,1,813.9,516.5,876.4,362,896.5,382.1,0.7543,0
100,3.351,PINKY,1,833.6,515.5,886.9,362.3,897.4,378,0.8587,0
101,3.383,PINKY,1,847.1,514.6,895.7,368.8,901.0,381.6,0.6958,0
102,3.41,PINKY,1,864.1,515,904.7,374.4,911.4,380.9,0.7637,0
103,3.443,PINKY,1,878.1,515,918.4,378.1,924.9,389.1,0.6566,0
104,3.478,PINKY,1,886.7,516.5,934.2,393.2,935.4,389.7,0.6176,0
105,3.512,PINKY,1,872.9,526.2,912.0,430.7,935.9,403.1,0.472,0
106,3.548,PINKY,1,652.4,471.3,794.6,418.1,908.4,386.8,0.3064,0
107,3.584,PINKY,0,,,,,,,,0
108,3.625,PINKY,1,891.3,497.8,941.6,427.3,841.5,424.3,0.6942,0
109,3.646,PINKY,1,836.6,498.8,878.5,457.6,856.5,372.7,0.1956,0
110,3.681,PINKY,1,743.2,479,830.4,473.2,839.6,335.4,0.0262,0
111,3.715,PINKY,0,,,,,,,,0
112,3.749,PINKY,0,,,,,,,,0
113,3.781,PINKY,0,,,,,,,,0
114,3.812,PINKY,0,,,,,,,,0
115,3.845,PINKY,0,,,,,,,,0
116,3.896,PINKY,0,,,,,,,,0
117,3.933,PINKY,0,,,,,,,,0
118,3.949,PINKY,0,,,,,,,,0
119,3.989,PINKY,0,,,,,,,,0
120,4.023,PINKY,1,1003.9,478.8,964.7,397,848.4,398.8,0.506,0
121,4.048,PINKY,1,1010.6,495,985.4,409,891.9,423.8,0.7651,0
122,4.083,PINKY,1,1015.3,501.1,989.3,396.8,881.3,411.5,0.8109,0
123,4.119,PINKY,1,1015.7,514.7,991.3,381.6,887.3,394.8,0.9937,0
124,4.149,PINKY,1,1019.0,520.6,990.2,373.6,891.4,395,1.0418,0
125,4.177,PINKY,1,1020.8,524,985.3,363.4,898.5,400.2,1.1637,0
126,4.211,PINKY,1,1016.5,513,975.8,371,906.7,397.1,0.9884,0
127,4.245,PINKY,1,613.0,437.4,761.2,377.6,867.4,395.7,0.4068,0
128,4.279,PINKY,1,553.2,400,698.2,376,855.5,378.4,0.1676,0
129,4.315,PINKY,1,547.3,396.2,683.0,372.3,854.9,368.5,0.1675,0
130,4.351,PINKY,1,541.8,390.2,684.3,368.5,855.3,366.7,0.1495,0
131,4.383,PINKY,1,540.4,391.9,679.2,367.8,848.1,364.3,0.1752,0
132,4.41,PINKY,1,536.8,393.8,675.6,369.5,843.9,363.6,0.1822,0
133,4.444,PINKY,1,555.8,396.7,689.2,368.7,857.3,363.2,0.2081,0
134,4.478,PINKY,1,587.8,409,706.3,371.1,858.3,355.3,0.2605,0
135,4.513,PINKY,1,557.9,398.9,690.1,351.4,827.6,337.1,0.4376,0
136,4.548,PINKY,1,541.4,393.6,676.9,345.9,826.1,353.5,0.4154,0
137,4.585,PINKY,0,,,,,,,,0
138,4.627,PINKY,1,594.0,404.3,711.6,343.1,781.8,382.9,0.7341,0
139,4.647,PINKY,1,588.9,400.5,702.9,340.1,771.8,389.2,0.654,0
140,4.681,PINKY,0,,,,,,,,0
141,4.729,PINKY,1,470.9,366.2,659.3,316.7,822.0,302.7,0.4124,0
142,4.751,PINKY,1,831.3,449.1,801.4,336.8,901.6,330.5,0.8874,0
143,4.787,PINKY,1,908.0,496.9,855.8,353.5,898.7,356.5,0.943,0
144,4.816,PINKY,1,911.6,501.8,861.1,361.9,888.4,348.5,0.8349,0
145,4.844,PINKY,1,917.5,504.1,858.4,368.6,886.2,342.2,0.7896,0
146,4.877,PINKY,1,912.2,505.8,856.7,370.5,884.2,343.4,0.869,0
147,4.912,PINKY,1,907.8,506.2,854.5,371.4,884.0,342.4,0.8668,0
148,4.946,PINKY,1,903.5,508.7,850.9,372.7,886.1,346,0.8756,0
149,4.982,PINKY,1,897.6,506.7,846.2,380.2,876.9,350.6,0.6632,0
150,5.018,PINKY,1,888.3,507.1,844.0,381.9,879.6,353,0.6782,0
151,5.05,PINKY,1,879.5,507.3,842.3,380.6,883.4,350.1,0.6929,0
152,5.077,PINKY,1,872.0,505.9,842.0,376.7,883.6,348.4,0.791,0
153,5.111,PINKY,1,867.7,505.6,840.6,374.6,883.4,349.1,0.7335,0
154,5.145,PINKY,1,863.7,504.2,840.3,373.1,885.9,350.4,0.7635,0
155,5.18,PINKY,1,860.2,505,840.2,371.2,888.5,348.6,0.8318,0
156,5.215,PINKY,1,856.2,504.7,840.7,369.2,895.2,356.2,0.8462,0
157,5.252,PINKY,1,853.2,505.6,841.5,369.6,895.5,358.1,0.7827,0
158,5.283,PINKY,1,848.6,505.1,841.7,369.7,897.7,362.4,0.7928,0
159,5.311,PINKY,1,843.7,504.6,840.1,371.1,886.9,358.1,0.7295,0
160,5.345,PINKY,1,840.3,503.4,839.3,370.7,892.0,356.8,0.8713,0
161,5.379,PINKY,1,837.2,502.4,839.6,369.9,895.0,359.9,0.8983,0
162,5.413,PINKY,1,834.6,501.2,839.2,369.9,891.3,360.2,0.8325,0
163,5.449,PINKY,1,831.9,499.2,838.5,369.3,891.5,356.7,0.8902,0
164,5.485,PINKY,1,828.0,497,837.7,368.3,892.9,357.8,0.9745,0
165,5.517,PINKY,1,826.7,495.1,836.2,367.7,889.0,354.3,0.8963,0
166,5.545,PINKY,1,825.2,493.7,834.7,366.6,887.8,354.7,0.8984,0
167,5.578,PINKY,1,823.2,491.7,832.5,366.1,884.1,353,0.8062,0
168,5.612,PINKY,1,820.9,489.9,831.7,364.2,885.7,354.5,0.9485,0
169,5.647,PINKY,1,818.6,487.3,830.2,363.7,884.3,353.7,0.8481,0
170,5.682,PINKY,1,817.0,485.9,829.7,361.8,885.6,354.4,0.9697,0
171,5.72,PINKY,1,815.7,483.9,829.1,362.1,884.6,354,0.8498,0
172,5.75,PINKY,1,814.8,482.9,829.6,361.8,886.5,354.2,0.8768,0
173,5.777,PINKY,1,814.6,481.6,831.0,361.9,889.2,354,0.8353,0
174,5.811,PINKY,1,814.9,480.7,833.7,362,892.8,352.5,0.823,0
175,5.846,PINKY,1,816.5,480.2,838.6,361.5,897.4,353.5,0.8753,0
176,5.88,PINKY,1,817.9,478.7,843.2,363,899.6,351.5,0.7917,0
177,5.916,PINKY,1,820.7,478,849.3,367.2,904.5,354.2,0.7196,0
178,5.953,PINKY,1,826.8,477.3,855.6,371.1,906.7,352.8,0.685,0
179,5.983,PINKY,1,833.4,476.5,861.9,372.3,911.4,352.8,0.6764,0
180,6.011,PINKY,1,840.7,475.7,870.9,372,921.0,352.4,0.6828,0
181,6.044,PINKY,1,850.4,475.5,880.6,371.2,928.6,350,0.6978,0
182,6.079,PINKY,1,861.6,475.1,889.0,370.1,933.2,345.8,0.7198,0
183,6.114,PINKY,1,872.6,474.5,897.8,369.8,939.0,343,0.7125,0
184,6.15,PINKY,1,885.2,473.8,909.0,366.8,944.9,342.2,0.8065,0
185,6.186,PINKY,1,899.9,474.1,920.6,365.8,958.1,339.3,0.8086,0
186,6.217,PINKY,1,913.7,474.4,929.1,365,959.0,339.1,0.7645,0
187,6.245,PINKY,1,929.3,474.4,936.4,366.1,964.1,337.7,0.7326,0
188,6.278,PINKY,1,942.8,474.5,946.0,367.5,972.3,337.4,0.7014,0
189,6.313,PINKY,1,955.5,474.6,954.3,368.4,978.7,339.1,0.7038,0
190,6.347,PINKY,1,967.4,475,960.2,370.8,984.4,341.6,0.6625,0
191,6.383,PINKY,1,977.1,474.8,965.4,372.7,985.9,342.9,0.6558,0
192,6.419,PINKY,1,986.0,474.1,970.4,372.7,992.4,342.9,0.6758,0
193,6.451,PINKY,1,994.5,473.8,974.1,371,992.9,337.9,0.7216,0
194,6.478,PINKY,1,1001.7,473.9,978.3,368.2,994.6,330.3,0.7626,0
195,6.512,PINKY,1,1010.9,474.2,986.1,366.2,996.0,325.5,0.7435,0
196,6.546,PINKY,1,1019.0,474.4,992.6,366,1003.7,325.7,0.7712,0
197,6.58,PINKY,1,1026.9,475.6,1003.0,366.4,1007.8,322.7,0.7237,0
198,6.616,PINKY,1,1036.6,476.3,1009.9,367.6,1010.0,322.7,0.6828,0
199,6.652,PINKY,1,1047.2,477.9,1017.3,369.4,1016.7,325.7,0.702,0
200,6.684,PINKY,1,1052.5,479.1,1019.1,370.3,1017.9,337,0.7165,0
201,6.712,PINKY,1,1054.5,479.3,1022.0,370.2,1025.8,335.7,0.7185,0
202,6.745,PINKY,1,1056.6,480,1022.4,370.7,1028.7,346.2,0.7407,0
203,6.78,PINKY,1,1064.8,479.3,1024.8,372.5,1022.4,344.3,0.6702,0
204,6.814,PINKY,1,1065.7,479.7,1023.0,371.7,1022.0,350.1,0.661,0
205,6.85,PINKY,1,1067.6,480.6,1020.9,373.4,1014.4,353.5,0.6373,0
206,6.886,PINKY,0,,,,,,,,0
207,6.928,PINKY,1,1068.9,456.7,1056.2,349.9,1004.9,317.7,0.9836,0
208,6.948,PINKY,1,1069.5,463.4,1048.2,355.4,1028.4,341.4,0.6818,0
209,6.983,PINKY,0,,,,,,,,0
210,7.029,PINKY,1,1074.6,461.8,1052.6,350.3,995.9,319.4,1.1485,0
211,7.052,PINKY,1,1074.4,467.1,1044.5,361.8,1029.6,358.5,0.6487,0
212,7.088,PINKY,1,1074.5,471.6,1033.7,364,1021.9,349.9,0.638,0
213,7.117,PINKY,1,1072.9,475.4,1029.7,368.3,1015.7,340.8,0.677,0
214,7.145,PINKY,1,1071.1,477.1,1024.5,368.1,1016.8,340.2,0.6731,0
215,7.178,PINKY,1,1070.0,478.9,1024.0,370.2,1010.2,337.9,0.6638,0
216,7.213,PINKY,1,1069.1,478.6,1021.5,367.7,1014.8,330.7,0.6773,0
217,7.247,PINKY,1,1067.8,479.9,1015.3,365.4,1005.1,336.9,0.7198,0
218,7.283,PINKY,1,1066.6,479.6,1011.0,363.9,999.0,337.5,0.7534,0
219,7.32,PINKY,1,1066.1,479.4,1009.4,363.9,1004.1,337.2,0.7541,0
220,7.351,PINKY,1,1066.7,480.2,1008.0,364.4,993.7,341.9,0.7405,0
221,7.379,PINKY,1,1067.8,479.8,1004.8,365.7,989.4,343.2,0.7631,0
222,7.412,PINKY,1,1065.2,480.9,991.2,365.5,988.8,344.5,0.7809,0
223,7.446,PINKY,1,1061.8,478.4,985.5,366.2,969.4,349.3,0.7184,0
224,7.481,PINKY,1,1063.2,478.9,983.9,369,971.0,343.8,0.7003,0
225,7.516,PINKY,1,1061.0,480.5,972.8,370.8,971.3,350.6,0.7225,0
226,7.553,PINKY,1,1057.5,480.1,980.8,382.1,958.4,351.1,0.6042,0
227,7.584,PINKY,1,1058.4,485.8,978.8,384.6,953.3,351.5,0.6466,0
228,7.612,PINKY,1,1061.5,488.6,985.9,393.5,931.5,353.2,0.5586,0
229,7.645,PINKY,1,998.3,480.5,911.3,382.9,931.2,331.6,0.773,0
230,7.68,PINKY,0,,,,,,,,0
231,7.723,PINKY,1,1068.7,489.2,988.9,369.8,900.6,332.9,1.4805,0
232,7.75,PINKY,1,1070.2,489.4,982.9,372.1,924.5,337.2,1.0093,0
233,7.787,PINKY,1,1072.7,490.6,989.2,386.9,925.4,348.9,0.6316,0
234,7.818,PINKY,1,1071.3,487.6,988.6,387.4,886.6,375.9,0.9155,0
235,7.845,PINKY,1,1071.2,486.8,999.5,392.2,949.4,358,0.8898,0
236,7.879,PINKY,1,1076.8,482.9,1000.8,394.5,940.8,369,0.5909,0
237,7.913,PINKY,1,1081.5,480.7,999.2,393.6,930.2,364.7,0.5884,0
238,7.947,PINKY,1,1081.4,481.4,995.2,389.6,917.0,373.3,0.7426,0
239,7.983,PINKY,1,1081.8,481.2,990.0,377.6,910.6,361,0.845,0
240,8.02,PINKY,1,1078.1,483.1,985.1,367.6,914.8,359.7,1.0601,0
241,8.051,PINKY,1,1074.2,484.7,978.6,357.9,912.3,366.7,1.0659,0
242,8.079,PINKY,1,1071.9,482.7,976.6,361.3,892.5,349.5,0.8372,0
243,8.112,PINKY,1,1061.4,482.8,973.2,367.1,903.6,357.6,1.0558,0
244,8.147,PINKY,1,1056.7,482.8,966.8,368.4,886.2,369,1.132,0
245,8.181,PINKY,1,1052.3,482.9,962.4,369.2,897.6,365.3,1.1477,0
246,8.217,PINKY,1,1028.4,483.7,951.0,366.2,900.4,380.3,1.1322,0
247,8.253,PINKY,1,984.2,478.4,935.7,362.5,905.1,382.8,0.9021,0
248,8.285,PINKY,1,972.0,478.1,927.5,364,915.6,376.7,0.9755,0
249,8.313,PINKY,1,941.7,477.7,914.5,363.2,931.0,373.8,1.1079,0
250,8.346,PINKY,1,918.3,478.7,900.5,365.5,917.8,370.6,1.0369,0
251,8.38,PINKY,1,895.9,479,892.0,369.1,911.5,369.4,0.9321,0
252,8.415,PINKY,1,889.9,478.6,885.4,370.9,905.2,373,0.8589,0
253,8.45,PINKY,1,893.6,478.7,879.4,372.6,890.9,375.8,0.7793,0
254,8.486,PINKY,1,896.0,479.1,877.0,375,879.1,382.2,0.7532,0
255,8.518,PINKY,1,891.6,479.5,877.0,375.7,884.5,390.4,0.8482,0
256,8.545,PINKY,1,877.3,477.7,879.3,373.4,891.6,374.9,0.9417,0
257,8.579,PINKY,1,868.7,475.7,879.9,373.8,886.8,381.8,0.7863,0
258,8.613,PINKY,1,860.2,474.4,879.8,373.4,895.3,370.5,0.752,0
259,8.648,PINKY,1,853.3,471.9,878.9,378.1,896.0,366.8,0.637,0
260,8.684,PINKY,1,846.3,468.9,876.7,380.1,899.1,369.4,0.6302,0
261,8.72,PINKY,1,831.7,468.2,873.0,383.9,895.0,374.7,0.5941,0
262,8.752,PINKY,1,815.4,467.9,867.0,386.2,894.7,377.3,0.5844,0
263,8.779,PINKY,1,796.3,466,859.7,387.2,890.4,371.3,0.5558,0
264,8.813,PINKY,1,784.9,464.2,852.3,386.1,891.0,375.3,0.5734,0
265,8.847,PINKY,1,771.1,463.2,843.1,387.3,877.3,376.7,0.5295,0
266,8.882,PINKY,1,761.2,462.3,833.1,385.8,875.3,377.7,0.61,0
267,8.918,PINKY,1,746.2,462,821.5,385.5,865.1,376.9,0.5621,0
268,8.954,PINKY,1,726.9,463.4,805.2,387,849.6,379,0.5873,0
269,8.986,PINKY,1,708.6,463.5,792.9,386.8,843.9,379,0.6001,0
270,9.013,PINKY,1,689.0,462.8,779.6,387,830.1,378.3,0.5786,0
271,9.046,PINKY,1,680.1,462.6,769.5,386.2,828.8,378.3,0.5991,0
272,9.08,PINKY,1,665.9,462.1,760.7,385.9,820.4,379.6,0.5958,0
273,9.116,PINKY,1,655.9,462.2,751.6,385.5,814.7,380.8,0.6136,0
274,9.151,PINKY,1,647.7,462.3,745.6,385.2,812.0,380.1,0.6068,0
275,9.187,PINKY,1,642.7,462.6,741.8,384.4,809.5,381.1,0.6251,0
276,9.219,PINKY,1,639.3,463.1,739.8,383.6,810.5,382.6,0.6454,0
277,9.246,PINKY,1,634.6,463.7,736.7,384.9,807.9,382.3,0.6116,0
278,9.28,PINKY,1,634.0,464.2,736.4,384.7,811.4,384.1,0.6443,0
279,9.314,PINKY,1,632.2,464.6,736.2,385.3,812.2,385,0.6182,0
280,9.348,PINKY,1,631.9,465.4,736.7,385.1,812.5,384.1,0.6273,0
281,9.384,PINKY,1,631.7,466.3,736.5,385,808.3,382.6,0.6153,0
282,9.421,PINKY,1,632.2,467.2,736.6,384.2,810.2,383,0.6532,0
283,9.452,PINKY,1,632.6,467.5,737.2,384.1,811.1,382.3,0.6362,0
284,9.479,PINKY,1,633.4,467.8,738.6,383.2,813.7,381.3,0.6932,0
285,9.513,PINKY,1,634.9,468.2,740.8,381.8,818.2,383.4,0.7323,0
286,9.548,PINKY,1,635.9,469.3,744.0,381.4,823.2,384.6,0.7348,0
287,9.582,PINKY,1,636.4,470.6,748.8,380.6,828.2,385.9,0.768,0
288,9.618,PINKY,1,637.2,471.7,752.9,379.7,828.5,386.4,0.7509,0
289,9.655,PINKY,1,639.0,473.1,754.6,378.9,825.6,383.2,0.6993,0
290,9.686,PINKY,1,641.8,473.6,756.2,378.4,827.3,380.7,0.7339,0
291,9.713,PINKY,1,643.8,474.2,757.2,378.8,827.8,379.3,0.6793,0
292,9.747,PINKY,1,646.2,475.1,758.1,379.2,828.7,377.8,0.6792,0
293,9.781,PINKY,1,647.3,476.1,758.9,380.3,829.0,377.1,0.6499,0
294,9.816,PINKY,1,648.4,477.2,761.1,380.2,833.2,378.6,0.7059,0
295,9.852,PINKY,1,649.0,478.7,762.7,381.1,835.5,378.5,0.6612,0
296,9.888,PINKY,1,649.7,480.5,764.7,382.4,837.5,377.8,0.6348,0
297,9.919,PINKY,1,649.5,481.7,767.9,383,843.4,380.1,0.6361,0
298,9.947,PINKY,1,654.9,481.9,772.9,383,849.6,377.2,0.6152,0
299,9.98,PINKY,1,663.8,482.1,780.4,381.3,856.1,375.1,0.6499,0
300,10.015,PINKY,1,676.4,482.7,788.8,380.8,866.5,374,0.6146,0
301,10.05,PINKY,1,688.5,483.2,796.3,378.2,875.6,372.9,0.693,0
302,10.084,PINKY,1,700.8,484,808.0,376,888.5,374.6,0.6904,0
303,10.121,PINKY,1,719.2,485.2,821.9,375.4,904.1,375.7,0.673,0
304,10.153,PINKY,1,733.2,485.3,831.7,373.1,909.8,377.3,0.7592,0
305,10.179,PINKY,1,749.2,485.6,841.9,372.7,917.4,379.8,0.7401,0
306,10.213,PINKY,1,762.2,485.2,848.9,372.7,916.4,378.8,0.724,0
307,10.248,PINKY,1,774.9,484.3,860.1,371.8,920.4,381.8,0.8058,0
308,10.282,PINKY,1,791.7,484.2,870.5,374.1,926.7,378.4,0.6667,0
309,10.318,PINKY,1,809.2,483.8,882.0,376.4,930.9,379.5,0.6736,0
310,10.355,PINKY,1,819.3,484.6,889.2,376,935.3,376.9,0.7385,0
311,10.386,PINKY,1,838.5,485.7,896.5,373.9,929.3,377.7,0.7539,0
312,10.413,PINKY,1,857.1,485.2,903.7,371.7,925.6,379.9,0.7923,0
313,10.447,PINKY,1,861.8,485,888.6,373.9,910.0,361.9,0.7289,0
314,10.481,PINKY,1,832.9,430.5,804.2,351.9,876.0,340.9,0.9404,0
315,10.516,PINKY,1,813.7,408,759.9,342,876.9,334.5,0.6846,0
316,10.551,PINKY,1,802.6,395,752.3,339.6,886.4,364,0.5781,0
317,10.587,PINKY,1,802.6,390.6,751.9,340.9,904.1,367,0.4917,0
318,10.619,PINKY,1,806.6,389.1,763.7,346.6,934.7,375.3,0.4179,0
319,10.646,PINKY,1,812.8,386.2,773.9,351,953.6,381.2,0.3282,0
320,10.68,PINKY,1,822.3,391.1,780.4,359.3,954.5,383.6,0.3079,0
321,10.714,PINKY,0,,,,,,,,0
322,10.758,PINKY,1,1043.4,492.5,1040.3,374.3,943.4,347.8,1.1633,0
323,10.784,PINKY,1,1043.7,491.7,1039.1,371.2,928.2,401.9,1.1466,0
324,10.82,PINKY,1,1040.7,492.1,1037.5,370.2,925.6,396.5,1.0084,0
325,10.853,PINKY,1,1038.5,493,1036.5,364.8,921.4,392.8,1.0448,0
326,10.88,PINKY,1,1035.0,493.2,1032.9,359.4,920.4,384.6,1.1838,0
327,10.914,PINKY,1,1032.4,491.7,1026.1,356.3,912.6,387.6,1.1686,0
328,10.949,PINKY,1,1030.7,490.5,1020.6,354.8,910.8,387,1.1846,0
329,10.983,PINKY,1,1024.1,492.8,1014.5,349.9,909.1,385.8,1.2917,0
330,11.019,PINKY,1,1019.4,494.1,1011.9,350.6,927.2,389.5,1.2246,0
331,11.055,PINKY,1,1014.7,492.2,1006.3,348,939.5,384.7,1.2401,0
332,11.086,PINKY,1,1007.5,488.1,1007.2,352.9,947.8,373.6,1.0589,0
333,11.114,PINKY,1,999.6,485.8,1004.1,354.8,936.0,375.5,1.0353,0
334,11.148,PINKY,1,994.0,485.4,995.8,353.7,937.6,389.7,1.0692,0
335,11.182,PINKY,1,985.0,476.8,989.9,363.4,931.5,382.3,0.7593,0
336,11.217,PINKY,1,982.0,471.4,982.4,369.9,929.8,388.7,0.7301,0
337,11.253,PINKY,1,972.1,465.2,967.4,381.6,913.8,394.6,0.5228,0
338,11.29,PINKY,1,955.6,460.5,951.5,386.4,913.9,399.3,0.461,0
339,11.32,PINKY,1,940.2,458.3,925.9,393,895.0,391.7,0.4125,0
340,11.347,PINKY,1,750.4,420.4,835.4,406.5,831.1,342.2,0.0853,0
341,11.381,PINKY,1,707.6,392.3,771.7,399.7,857.4,371.7,-0.0469,0
342,11.415,PINKY,1,703.4,378.2,732.7,350.6,847.9,347.3,0.3022,0
343,11.45,PINKY,1,647.2,379,690.6,327.5,808.3,339.2,0.576,0
344,11.485,PINKY,1,616.2,367.5,676.7,317.7,798.2,335.1,0.6136,0
345,11.521,PINKY,1,611.5,368.9,663.2,318.1,791.7,338.9,0.6071,0
346,11.553,PINKY,1,589.3,370.2,657.5,325.5,789.5,347,0.5408,0
347,11.591,PINKY,1,610.5,376.6,652.1,329.8,786.8,345.6,0.5486,0
348,11.619,PINKY,1,613.9,379.4,650.9,331.2,776.4,343.1,0.6326,0
349,11.658,PINKY,1,604.4,380.5,647.4,332.2,774.0,341.9,0.6173,0
350,11.691,PINKY,1,595.2,380.2,646.8,334.8,771.1,343,0.5939,0
351,11.724,PINKY,1,598.4,379.6,647.6,336.9,772.9,346.5,0.5712,0
352,11.758,PINKY,1,603.3,379.4,646.6,339.3,774.2,347.9,0.5194,0
353,11.791,PINKY,1,623.8,379.6,647.2,342.4,778.9,350.6,0.4794,0
354,11.824,PINKY,1,624.1,379.1,646.3,342.7,772.5,347.8,0.4911,0
355,11.858,PINKY,1,612.0,377.1,646.8,342.2,770.5,343.7,0.4791,0
356,11.891,PINKY,1,594.0,373.4,648.4,342.1,773.1,347.5,0.4237,0
357,11.924,PINKY,0,,,,,,,,0
358,11.976,PINKY,1,787.5,464.5,823.5,369.4,860.6,359.7,0.7863,0
359,11.999,PINKY,1,787.1,464.5,823.1,371.5,856.1,365.1,0.6627,0
360,12.024,PINKY,1,787.1,464.3,822.3,372.3,857.4,365,0.6748,0
361,12.058,PINKY,1,786.7,463.9,821.4,373.1,857.4,364.5,0.6638,0
362,12.092,PINKY,1,786.7,463.3,821.4,372.5,863.2,365.4,0.7004,0
363,12.125,PINKY,1,786.5,462.5,822.0,373.1,861.5,366.8,0.6548,0
364,12.158,PINKY,1,787.3,462,823.1,374.3,865.1,368.9,0.6645,0
365,12.192,PINKY,1,788.2,461.3,825.1,375.5,868.2,371.2,0.6573,0
366,12.224,PINKY,1,789.6,460.6,828.1,376,870.4,372.7,0.6538,0
367,12.258,PINKY,1,790.2,459.7,831.0,379,870.1,372.5,0.6044,0
368,12.292,PINKY,1,792.8,458.6,835.2,379.1,873.5,373.5,0.6419,0
369,12.325,PINKY,1,794.5,458.4,839.1,380.3,876.0,374.5,0.5957,0
370,12.358,PINKY,1,795.4,458.2,842.1,383.4,874.9,375.8,0.5601,0
371,12.391,PINKY,1,802.8,458.8,849.9,381.8,888.4,374.8,0.6863,0
372,12.425,PINKY,1,809.0,459.9,855.7,380.5,889.4,378.2,0.6638,0
373,12.458,PINKY,1,817.5,460.6,862.5,379.4,893.6,377,0.7058,0
374,12.492,PINKY,1,825.6,460.8,870.3,378.3,900.0,383.2,0.7516,0
375,12.525,PINKY,1,834.4,460.7,879.3,377.6,900.6,382,0.8057,0
376,12.558,PINKY,1,844.1,460.4,886.5,375.1,906.7,377.8,0.869,0
377,12.591,PINKY,1,855.6,460.9,891.2,372.7,909.5,379.9,0.846,0
378,12.625,PINKY,1,866.5,461.2,896.0,371.4,907.5,375.7,0.8095,0
379,12.658,PINKY,1,877.8,462.5,902.4,371.3,907.3,375.9,1.0835,0
380,12.692,PINKY,1,886.0,463.2,909.2,371.2,921.0,379.9,0.8649,0
381,12.725,PINKY,1,892.1,463.4,913.3,370.9,922.2,380.6,0.9272,0
382,12.758,PINKY,1,896.6,463.9,916.4,371,923.7,387.4,0.9882,0
383,12.791,PINKY,1,897.8,463.7,916.3,370.9,918.6,384.6,0.9747,0
384,12.825,PINKY,1,898.7,463.6,917.4,370,930.9,386.5,0.8932,0
385,12.858,PINKY,1,898.8,463.4,915.9,369.5,917.9,385.5,0.9084,0
386,12.892,PINKY,1,897.4,463.3,915.1,370,913.7,382.3,0.9503,0
387,12.927,PINKY,1,896.6,462.7,913.5,369.5,916.4,386.4,0.866,0
388,12.96,PINKY,1,896.4,462.3,912.1,368.3,908.5,385.2,0.8864,0
389,12.992,PINKY,1,895.4,461.8,909.9,367.3,905.6,385.3,0.8852,0
390,13.026,PINKY,1,894.5,461.5,906.4,366.5,902.5,383.6,0.8691,0
391,13.06,PINKY,1,892.9,461.6,900.9,365.7,895.1,388.7,0.891,0
392,13.094,PINKY,1,892.6,461.9,896.8,366.4,889.3,382.6,0.8847,0
393,13.127,PINKY,1,889.2,461.5,892.8,366.2,894.1,385.7,0.8777,0
394,13.16,PINKY,1,883.6,460.9,887.3,366.5,886.5,386.7,0.8594,0
395,13.193,PINKY,1,879.0,460,881.7,368.3,876.7,382.9,0.7475,0
396,13.228,PINKY,1,870.8,460.4,877.2,369.1,884.9,392.3,0.8295,0
397,13.261,PINKY,1,865.7,460.6,873.9,370.2,881.0,384.2,0.757,0
398,13.294,PINKY,1,864.1,460.6,869.4,370.9,872.5,383.1,0.743,0
399,13.326,PINKY,1,861.9,461.1,864.4,373,867.3,380.4,0.6946,0
400,13.36,PINKY,1,857.8,461.2,861.9,375.4,871.6,380.9,0.6996,0
401,13.393,PINKY,1,855.5,460.4,857.6,379.6,865.0,377.6,0.6299,0
402,13.426,PINKY,1,851.1,459.7,853.6,383.3,857.6,376.7,0.5717,0
403,13.46,PINKY,1,846.8,458.5,847.0,384.8,856.5,372.3,0.5592,0
404,13.493,PINKY,1,843.9,457.6,843.0,385.8,853.6,372.9,0.544,0
405,13.527,PINKY,1,843.1,457.7,839.6,384.2,856.4,366.5,0.5857,0
406,13.56,PINKY,1,839.7,458.2,838.4,384.6,854.1,372.7,0.5657,0
407,13.593,PINKY,1,834.6,458.2,837.9,386.1,854.8,374.1,0.5397,0
408,13.627,PINKY,1,829.6,459.1,834.6,387.1,854.6,374.7,0.5515,0
409,13.66,PINKY,1,824.3,460.4,831.5,387.6,855.0,375.2,0.5434,0
410,13.693,PINKY,1,818.6,461.8,828.3,388.2,854.0,376.2,0.5384,0
411,13.728,PINKY,1,812.9,462.2,825.4,388.5,853.4,376,0.5286,0
412,13.76,PINKY,1,806.2,463,822.0,388.2,850.8,377.2,0.5352,0
413,13.794,PINKY,1,801.6,462.9,818.4,389.1,848.1,376.1,0.5186,0
414,13.828,PINKY,1,795.0,463.9,813.7,389.7,843.3,378.3,0.5287,0
415,13.86,PINKY,1,791.2,464.5,810.8,390.5,844.3,376.1,0.5271,0
416,13.895,PINKY,1,787.8,465.9,806.3,390.2,837.5,377.3,0.5334,0
417,13.927,PINKY,1,783.9,467.1,804.4,390.3,837.2,374.1,0.543,0
418,13.96,PINKY,1,781.7,467.9,802.8,389.3,837.7,375,0.5553,0
419,13.994,PINKY,1,779.1,468.9,802.1,389.1,837.2,373.8,0.5526,0
420,14.027,PINKY,1,778.2,469.4,801.8,389,835.8,374.9,0.5615,0
421,14.06,PINKY,1,777.9,470.2,801.8,389.4,838.3,376.7,0.5578,0
422,14.094,PINKY,1,776.1,470.8,801.4,389.3,837.9,376.4,0.5424,0
423,14.128,PINKY,1,775.7,471.8,801.6,390.2,835.8,374.9,0.5373,0
424,14.16,PINKY,1,775.6,472.2,802.2,389.5,834.9,374.6,0.5326,0
425,14.193,PINKY,1,777.4,473.8,803.5,388.5,838.4,372.5,0.5642,0
426,14.227,PINKY,1,778.5,474.1,804.9,388.4,842.7,374.7,0.5529,0
427,14.261,PINKY,1,779.4,475.3,806.9,387.5,843.6,374.6,0.5637,0
428,14.294,PINKY,1,781.7,476.5,809.4,386.1,845.4,372.2,0.6002,0
429,14.328,PINKY,1,784.0,477.7,811.3,385.9,843.9,370.7,0.5747,0
430,14.361,PINKY,1,786.7,478.6,812.5,385.3,843.6,371.2,0.5976,0
431,14.394,PINKY,1,789.2,479.2,814.2,384.5,843.0,369.4,0.6029,0
432,14.428,PINKY,1,790.0,479.7,815.8,384.2,844.7,372.2,0.6082,0
433,14.461,PINKY,1,790.5,480.7,816.5,385.1,842.7,371.8,0.5799,0
434,14.495,PINKY,1,792.4,480.7,817.7,386.7,845.1,373,0.5468,0
435,14.527,PINKY,1,794.9,481.6,819.8,386.4,848.0,371.8,0.5763,0
436,14.561,PINKY,1,797.7,482.1,821.8,388.1,844.9,373,0.5335,0
437,14.594,PINKY,1,801.4,483.8,822.9,390.2,844.5,371.6,0.529,0
438,14.627,PINKY,1,804.7,484.8,824.5,390.5,844.1,371.3,0.517,0
439,14.661,PINKY,1,809.0,485.4,826.1,391.1,842.0,370.5,0.5255,0
440,14.694,PINKY,1,809.6,486.7,828.3,390.3,846.2,367.1,0.5253,0
441,14.727,PINKY,1,812.4,487.9,829.9,388.4,846.8,362.6,0.5402,0
442,14.761,PINKY,1,816.2,490.5,831.4,387.1,846.1,359.1,0.5636,0
443,14.794,PINKY,1,819.2,492.8,833.9,387.7,851.7,360.7,0.5572,0
444,14.828,PINKY,1,819.9,494.5,835.9,387.3,850.0,357.5,0.5697,0
445,14.861,PINKY,1,821.4,495.9,838.3,387.9,851.2,359.8,0.5661,0
446,14.894,PINKY,1,821.8,496.6,840.5,387,852.1,356.3,0.5662,0
447,14.927,PINKY,1,823.1,497.4,842.0,385.6,854.7,356,0.5895,0
448,14.961,PINKY,1,822.9,497.4,843.3,384.7,856.6,353.9,0.5998,0
449,14.994,PINKY,1,823.8,497,843.9,384.3,853.1,354.1,0.6012,0
450,15.027,PINKY,1,824.8,496.9,844.7,384.9,857.1,357.7,0.5935,0
451,15.061,PINKY,1,826.3,496.8,845.5,384.6,859.2,354.6,0.6061,0
452,15.095,PINKY,1,828.5,496.4,846.0,382,849.8,350.4,0.6384,0
453,15.128,PINKY,1,834.2,495.6,847.2,379.9,847.4,356.5,0.6517,0
454,15.161,PINKY,1,839.6,494.3,853.8,378.5,854.5,362.4,0.6631,0
455,15.194,PINKY,1,847.7,494.3,860.0,375.7,862.2,368.4,0.6888,0
456,15.228,PINKY,1,855.6,494.8,868.8,374.6,874.4,368.7,0.7472,0
457,15.262,PINKY,1,867.9,495,879.0,374.2,878.1,367.7,0.7247,0
458,15.294,PINKY,1,881.0,496.1,891.2,372.1,906.0,371.6,0.8019,0
459,15.327,PINKY,1,898.7,496.6,907.2,372.1,934.6,359.9,0.8812,0
460,15.361,PINKY,1,916.6,497.7,924.0,372.8,958.6,366,0.9902,0
461,15.396,PINKY,1,932.5,497.4,936.4,375.1,964.0,364.4,0.8937,0
462,15.428,PINKY,1,947.4,496.6,948.9,377.2,971.9,367.6,0.8071,0
463,15.461,PINKY,1,962.4,495.3,963.7,381.2,976.3,362.4,0.7285,0
464,15.494,PINKY,1,978.2,496.6,972.2,381.3,987.6,369.8,0.696,0
465,15.528,PINKY,1,988.5,496.9,980.1,380.4,985.8,368.2,0.687,0
466,15.562,PINKY,0,,,,,,,,0
467,15.613,PINKY,1,639.1,350.6,743.5,335.2,863.3,393.4,0.1451,0
468,15.637,PINKY,1,953.2,444,932.5,338,898.5,394,0.9465,0
469,15.663,PINKY,1,1029.0,480.9,997.2,342,918.8,381.1,1.1646,0
470,15.695,PINKY,1,1049.3,492.3,1008.6,352.5,921.2,400.7,1.0886,0
471,15.728,PINKY,1,910.9,454.8,919.2,353.1,898.4,372.8,0.9036,0
472,15.761,PINKY,0,,,,,,,,0
473,15.814,PINKY,1,1057.4,508.2,1042.4,410.1,965.6,420.5,0.9049,0
474,15.839,PINKY,1,1057.6,507.2,1032.1,391.3,917.5,388.1,0.9681,0
475,15.864,PINKY,1,1057.5,506.4,1020.2,374.6,915.7,388.4,1.0617,0
476,15.894,PINKY,1,1056.4,502.8,1007.6,366.7,915.1,393.2,0.9895,0
477,15.929,PINKY,1,1043.0,498.1,997.7,363.2,922.0,391.9,1.0541,0
478,15.961,PINKY,1,920.8,468,937.6,360.6,916.5,397.1,1.0276,0
479,15.995,PINKY,0,,,,,,,,0
480,16.048,PINKY,1,1010.0,506.4,960.9,373,858.2,379,1.3108,0
481,16.072,PINKY,1,1005.7,503.3,962.3,365.6,854.3,390.8,1.1504,0
482,16.097,PINKY,1,1006.6,502.7,960.7,356.7,863.7,378.2,1.2355,0
483,16.128,PINKY,1,1001.7,498.2,955.3,356.3,873.5,374.3,1.206,0
484,16.161,PINKY,1,990.3,485.2,946.9,360,869.1,369.8,0.9754,0
485,16.195,PINKY,1,983.1,488.5,941.2,358.7,893.1,372.8,1.0364,0
486,16.229,PINKY,1,975.8,492.6,931.2,358.6,892.9,370.4,1.0196,0
487,16.263,PINKY,1,963.1,494.4,923.8,359.6,931.4,379.6,0.8379,0
488,16.295,PINKY,1,944.7,494.6,911.0,360.8,911.2,362.9,0.8958,0
489,16.329,PINKY,1,928.8,495.3,898.9,361.3,906.5,362.3,0.9022,0
490,16.362,PINKY,1,921.3,495.8,890.2,362.2,894.2,357.8,1.0459,0
491,16.394,PINKY,1,913.2,496.1,884.6,362.3,885.1,355,1.0237,0
492,16.428,PINKY,1,904.6,496.2,880.8,361.7,892.7,361.6,1.0592,0
493,16.462,PINKY,1,893.9,495.4,874.3,360.9,880.0,357.5,0.895,0
494,16.494,PINKY,1,886.3,493.1,869.1,361.9,856.2,349.1,0.7686,0
495,16.529,PINKY,1,875.4,491.2,861.6,362.9,858.5,351.9,0.7057,0
496,16.562,PINKY,1,867.4,489.7,854.8,363.6,860.1,350.7,0.7401,0
497,16.596,PINKY,1,866.0,487.4,849.5,367.5,853.6,351.7,0.6463,0
498,16.629,PINKY,1,863.4,484.7,846.3,370.9,848.1,352.4,0.6096,0
499,16.663,PINKY,1,857.6,484.6,842.1,377.3,850.5,358.8,0.5796,0
500,16.695,PINKY,1,849.7,484.3,838.1,378.9,848.7,355.6,0.585,0
501,16.728,PINKY,1,843.6,483.2,834.3,380.6,846.6,356.4,0.5833,0
502,16.762,PINKY,1,829.6,481.7,830.7,381.7,848.9,362,0.5741,0
503,16.794,PINKY,1,813.8,477.1,827.9,380.9,847.1,364.1,0.5371,0
504,16.83,PINKY,1,807.4,467.3,828.3,379.9,845.3,367.4,0.4832,0
505,16.862,PINKY,1,804.4,450.1,829.6,377,838.6,368.4,0.4053,0
506,16.895,PINKY,1,812.2,426.6,835.7,366.7,854.8,367.3,0.4383,0
507,16.929,PINKY,1,822.3,389.8,852.2,347.1,858.9,368.6,0.2857,0
508,16.962,PINKY,1,854.0,366.3,880.2,333.6,867.3,364,0.2119,0
509,16.995,PINKY,1,915.4,344.1,922.4,313.7,872.4,377.3,0.2301,0
510,17.029,PINKY,1,1001.8,305.6,981.0,301.1,902.7,365.8,0.0318,0
511,17.062,PINKY,1,1069.9,287.8,1060.2,278.7,942.1,351.1,0.0616,0
512,17.095,PINKY,1,1230.5,257,1160.5,234.2,1015.0,328.6,0.139,0
513,17.129,PINKY,1,1405.0,166.4,1233.1,224.7,1035.4,322,-0.3318,0
514,17.162,PINKY,1,1415.9,149.5,1297.7,234.3,1094.6,336.8,-0.5083,0
515,17.195,PINKY,0,,,,,,,,0
516,17.226,PINKY,0,,,,,,,,0
517,17.259,PINKY,0,,,,,,,,0
518,17.293,PINKY,0,,,,,,,,0
519,17.326,PINKY,0,,,,,,,,0
520,17.358,PINKY,0,,,,,,,,0
521,17.394,PINKY,0,,,,,,,,0
522,17.427,PINKY,0,,,,,,,,0
523,17.459,PINKY,0,,,,,,,,0
524,17.493,PINKY,0,,,,,,,,0
525,17.526,PINKY,0,,,,,,,,0
526,17.56,PINKY,0,,,,,,,,0
527,17.593,PINKY,0,,,,,,,,0
528,17.627,PINKY,0,,,,,,,,0
529,17.66,PINKY,0,,,,,,,,0
530,17.692,PINKY,0,,,,,,,,0
531,17.748,PINKY,0,,,,,,,,0
532,17.769,PINKY,0,,,,,,,,0
533,17.792,PINKY,0,,,,,,,,0
534,17.844,PINKY,0,,,,,,,,0
535,17.882,PINKY,0,,,,,,,,0
536,17.921,PINKY,0,,,,,,,,0
537,17.961,PINKY,0,,,,,,,,0
538,18.002,PINKY,0,,,,,,,,0
539,18.041,PINKY,0,,,,,,,,0
540,18.081,PINKY,0,,,,,,,,0
541,18.119,PINKY,0,,,,,,,,0
542,18.159,PINKY,1,469.5,89.5,488.8,146,633.4,109,-0.6173,0
543,18.193,PINKY,1,462.2,88.5,489.9,146,616.0,114.4,-0.7288,0
544,18.216,PINKY,1,460.2,87.7,492.4,146.2,605.6,107.7,-0.7896,0
545,18.238,PINKY,1,455.7,87.9,493.2,146.1,603.5,113.3,-0.8206,0
546,18.262,PINKY,1,455.9,87.9,491.7,146,599.7,116.7,-0.7985,0
547,18.294,PINKY,1,454.3,87.1,489.8,145.9,600.4,115.3,-0.7747,0
